羅馬字	漢字	頻率
a	挨	14
a	矮	2
ah	壓	13
ah	押	7
ah	軛	5
ah	阿	1773
ao	奧	24
ao	嶴	4
ao	懊	7
ao	拗	1
ao	澳	1
ao	鏖	43
ba	排	1
ba	敗	15
ba	牌	4
bah	拔	9
bah	白	125
bang	彭	3
bang	棚	13
bang	碰	7
bang	𦗭	5
bao	抱	11
bao	暴	2
bao	袍	8
bao	跑	1
be	佩	6
be	倍	23
be	備	132
be	背	11
be	被	225
be	陪	4
beh	浡	3
beh	鈸	1
beh	鵓	10
beng	朋	34
beng	盆	4
beng	笨	36
bi	琵	1
bi	疲	2
bi	皮	39
bi	肥	1
bi	脾	1
bi	避	22
biao	嫖	3
bih	別	316
bih	闢	81
bin	便	39
bin	辨	17
bin	辯	17
bing	並	58
bing	平	98
bing	憑	25
bing	瓶	4
bing	病	111
bing	評	54
bing	貧	2
bo	婆	11
bo	縛	45
bo	薄	2
boh	伏	12
boh	僕	167
boh	泊	1
boh	薄	6
bong	篷	29
bu	步	16
bu	菩	11
bu	葡	22
bu	部	6
bun	伴	5
bun	叛	1
bun	盤	11
bun	磐	3
bæn	爿	2
bæn	辦	100
bô	扒	1
bô	爬	99
bô	琶	1
bô	稗	9
bông	旁	25
bông	棒	3
bông	防	14
cih	折	1
cing	准	7
cing	準	3
cing	震	13
coh	只	3
coh	囑	19
coh	折	1
coh	捉	2
coh	桌	7
coh	燭	2
coh	祝	57
coh	築	1
coh	給	19
cong	中	286
cong	宗	3
cong	忠	35
cong	種	80
cong	終	16
cong	腫	1
cong	衆	346
cong	鐘	26
cô	揸	7
côh	囑	12
công	壯	11
công	掌	21
công	樁	4
công	章	8
cü	主	1981
cü	制	20
cü	嘴	53
cü	子	2
cü	智	5
cü	株	63
cü	注	2
cü	珠	4
cü	知	341
cü	置	1
cü	致	1
cü	蛀	7
cü	製	2
cü	諸	1
cü	豬	21
cü	鑄	1
cün	專	3
cün	轉	323
cʽih	出	1099
cʽing	春	1
cʽing	蠢	6
cʽoh	戳	10
cʽong	充	15
cʽong	寵	2
cʽong	沖	2
cʽong	𥅻	3
cʽô	扯	9
cʽông	昌	1
cʽông	闖	5
cʽü	取	44
cʽü	吹	14
cʽü	娶	30
cʽü	恥	2
cʽü	癡	4
cʽü	處	173
cʽü	趣	3
cʽün	穿	77
da	埭	19
da	大	285
dah	踏	14
dah	達	15
dang	宕	3
dao	導	14
dao	盜	28
dao	稻	4
dao	萄	22
dao	蹈	3
dao	逃	21
dao	道	770
dao	陶	17
de	了	952
de	兌	4
de	隊	122
deh	凸	10
deh	奪	31
deh	特	47
deh	突	8
den	潭	1
den	窞	5
den	頭	29
deng	庉	192
deng	藤	1
deng	騰	1
deo	投	15
deo	頭	1548
di	啼	27
di	地	446
di	弟	379
di	提	121
di	第	114
di	蹄	1
di	遞	3
diah	碟	2
diao	掉	528
diao	條	46
diao	調	22
dih	敵	43
dih	狄	1
dih	笛	3
din	填	1
din	墊	1
din	奠	2
din	殿	107
din	甜	3
din	田	77
din	甸	1
din	鈿	64
din	電	4
din	頭	1
ding	亭	1
ding	停	3
ding	定	215
ding	廷	1
djih	絕	12
djoh	着	1
djoh	逐	4
djong	蟲	16
djong	重	105
djô	搽	11
djôh	着	973
djông	償	1
djông	常	145
djông	撞	8
djü	住	144
djü	柱	2
djü	治	9
djü	除	50
djün	傳	231
djün	全	109
djün	痊	12
do	大	498
do	惰	2
do	舵	2
do	馱	233
do	駝	6
doh	毒	28
doh	瀆	24
doh	獨	42
doh	讀	101
doh	鐸	2
dong	動	142
dong	同	114
dong	桶	8
dong	洞	33
dong	童	6
dong	筒	4
dong	銅	28
du	圖	1
du	塗	16
du	度	5
du	徒	518
du	渡	10
du	肚	47
du	途	1
dz	慈	44
dz	辭	3
dza	咋	432
dzao	造	4
dzeh	擇	3
dzeng	存	85
dzeng	曾	3
dzi	池	7
dzi	豸	4
dzi	遲	7
dziah	着	19
dziang	丈	6
dziang	場	27
dziang	張	1
dziang	杖	2
dziang	腸	25
dziang	詳	18
dziang	長	97
dziao	召	56
dziao	朝	24
dziao	潮	139
dzih	值	16
dzih	涉	1
dzih	疾	6
dzih	直	237
dzih	集	1
dzin	前	1
dzin	漸	20
dzin	纏	7
dzin	賤	1
dzin	踐	1
dzin	錢	11
dzing	乘	3
dzing	仍	47
dzing	任	1
dzing	儘	1
dzing	剩	30
dzing	城	31
dzing	塵	17
dzing	情	50
dzing	成	176
dzing	承	5
dzing	沉	6
dzing	盡	13
dzing	程	12
dzing	臣	2
dzing	誠	55
dzing	鄭	1
dzing	陣	2
dzing	靜	1
dziu	仇	27
dziu	囚	1
dziu	宙	2
dziu	就	76
dzoh	俗	12
dzoh	族	15
dzong	從	619
dzong	戎	1
dzu	助	33
dzæ	在	466
dzæ	才	17
dzæ	纔	12
dzæ	財	51
dzæn	暫	25
dzæn	棧	1
dzæn	殘	6
dzæn	綻	2
dzæn	賺	13
dzô	查	18
dzô	茶	1
dzô	蛇	17
dzông	藏	18
dæ	代	204
dæ	待	73
dæ	怠	6
dæ	抬	43
dæ	檯	5
dæ	臺	1
dæ	袋	15
dæn	但	463
dæn	壇	19
dæn	彈	2
dæn	憚	1
dæn	淡	4
dæn	蛋	1
dæn	談	6
dô	大	466
dôh	度	5
dôh	毒	2
dông	堂	88
dông	盪	6
dông	糖	4
dông	蕩	178
dön	團	35
dön	斷	19
dön	段	1
dön	緞	1
eh	厄	1
en	安	304
en	按	78
en	暗	93
en	案	23
eng	恩	199
eo	傴	7
eo	謳	243
fah	法	514
fah	發	90
fah	髮	18
feh	弗	2549
feng	分	120
feng	吩	116
feng	粉	9
feng	糞	4
feng	紛	6
fi	妃	1
fi	廢	23
fi	腓	72
fi	費	18
fi	非	89
fi	飛	5
foh	福	234
foh	覆	5
fong	封	21
fong	楓	2
fong	瘋	1
fong	蜂	1
fong	鋒	2
fong	風	91
fong	风	2
fu	㩤	2
fu	付	40
fu	傅	12
fu	副	18
fu	咐	116
fu	夫	51
fu	孚	2
fu	富	26
fu	府	30
fu	撫	3
fu	敷	1
fu	斧	2
fæ	覅	4
fæn	反	89
fæn	氾	1
fæn	番	18
fæn	翻	23
fæn	販	1
fông	坊	2
fông	妨	2
fông	放	164
fông	方	320
fông	紡	1
fông	訪	1
gah	軋	1
gao	交	4
gao	絞	2
go	個	11918
gwah	刮	16
gwe	饋	1
gwông	狂	15
gyi	其	6668
gyi	及	1
gyi	奇	101
gyi	妓	2
gyi	忌	29
gyi	期	2
gyi	祈	1
gyi	騎	10
gyiah	𧾵	1
gyiang	弶	6
gyiang	強	32
gyiang	滰	53
gyiang	犟	1
gyih	及	33
gyih	極	13
gyih	竭	6
gyin	件	31
gyin	健	9
gyin	圈	3
gyin	虔	48
gyin	鉗	1
gying	勁	3
gying	勤	13
gying	禽	2
gying	競	2
gying	芹	1
gying	近	80
gying	鯨	1
gyiu	求	202
gyiu	舊	72
gyü	具	3
gyü	懼	43
gyü	拒	4
gyü	櫃	3
gyü	跪	15
gyüih	倔	1
gyüih	掘	6
gyüih	橛	3
gyüing	裙	1
gyün	倦	5
gyün	拳	3
gyün	權	90
gyüoh	局	3
gyüong	窮	46
gæ	寋	1
gæ	戤	10
gôh	擱	4
ha	哈	5
hah	喝	61
hah	嚇	11
hah	瞎	58
hao	好	1901
he	許	1
heh	黑	45
hen	憨	1
hen	撼	1
hen	漢	1
hen	罕	80
heng	狠	18
ho	伙	1
ho	夥	33
ho	火	75
ho	荷	2
ho	藃	1
ho	貨	7
hoh	𢞕	36
hong	哄	15
hong	烘	7
hwa	歪	1
hwah	甩	3
hwe	悔	12
hwe	毀	47
hwe	灰	18
hwe	誨	3
hweh	忽	18
hweh	豁	1
hweng	婚	6
hweng	葷	1
hwu	呼	40
hwu	虎	1
hwun	歡	234
hwun	花	38
hwô	化	37
hwô	花	47
hwông	況	38
hwông	荒	12
hwông	謊	28
hyi	喜	236
hyi	嬉	3
hyi	希	115
hyi	戲	12
hyi	稀	62
hyiah	謔	1
hyiang	享	4
hyiang	向	619
hyiang	鄉	39
hyiang	響	151
hyiang	香	32
hyiao	孝	3
hyiao	曉	538
hyiao	𢳚	3
hyih	㽺	5
hyih	歇	23
hyih	脅	9
hyin	獻	41
hyin	險	16
hyin	顯	149
hying	興	43
hyiæ	駭	7
hyü	虛	34
hyü	許	349
hyü	许	1
hyüih	血	119
hyüing	勛	5
hyüing	訓	77
hyüoh	蓄	4
hyüong	兄	371
hyüong	兇	30
hyüong	嗅	20
hyüong	胸	13
hæ	海	84
hô	呵	2
hô	颬	1
i	依	178
i	倚	3
i	宜	3
i	意	289
i	挔	7
i	衣	99
i	裔	2
i	醫	85
i	饐	1
ia	野	1
iah	押	3
iah	約	326
iang	秧	28
iang	養	8
iao	腰	10
iao	舀	2
iao	要	1164
ih	一	1923
ih	溢	2
ih	益	53
in	厭	12
in	掩	1
in	煙	2
ing	印	16
ing	因	889
ing	姻	1
ing	影	9
ing	應	243
ing	殷	9
ing	英	1
ing	蔭	2
ing	陰	15
ing	隱	22
ing	音	179
ing	飲	1
ing	鷹	2
iu	幽	2
iu	憂	53
iæ	野	46
jih	入	27
jih	十	244
jih	實	184
jih	拾	23
jih	習	25
jih	集	8
jing	人	8
jing	仁	66
jing	仞	2
jing	巡	1
jing	循	4
jing	忍	50
jing	慎	11
jing	潤	1
jing	神	1440
jing	純	2
jing	脣	1
jing	認	55
jing	順	117
joh	屬	70
joh	熟	48
joh	肉	3
joh	贖	32
joh	辱	1
jô	惹	1
jông	尚	6
jü	乳	1
jü	如	106
jü	序	6
jü	敘	14
jü	樹	68
jü	緒	1
jü	聚	148
jü	誰	186
jün	善	97
jün	擅	4
jün	然	243
jün	船	111
ka	介	1819
ka	戒	3
ka	界	16
ka	芥	6
ka	街	14
ka	解	59
kah	格	38
kah	溢	4
kah	甲	6
kah	胛	3
kah	隔	14
kah	革	2
kang	更	8
kang	耕	4
kao	交	71
kao	告	318
kao	攪	1
kao	教	120
kao	校	1
kao	膠	2
kao	覺	9
kao	較	3
kao	酵	27
kao	高	66
ke	居	6
keh	割	111
keh	吃	1
keh	合	1
keh	箇	3649
keh	革	31
keh	鴿	10
ken	乾	48
ken	干	14
ken	幹	970
ken	感	45
ken	敢	22
ken	橄	18
ken	甘	4
ken	竿	9
ken	衦	5
ken	趕	81
ken	鋸	1
keng	更	56
keng	根	60
keng	跟	123
keo	夠	330
keo	狗	1
keo	苟	2
keo	鈎	1
ko	個	40
ko	哥	52
ko	戈	1
ko	果	109
ko	歌	7
ko	裹	6
ko	過	592
koh	各	1
koh	國	339
koh	擱	1
koh	穀	11
koh	角	2
kong	供	40
kong	公	152
kong	功	14
kong	宮	4
kong	工	68
kong	弓	1
kong	恭	8
kong	拱	3
kong	攻	4
kong	躬	2
kwa	怪	8
kwa	拐	15
kwah	刮	7
kwah	括	2
kwah	摑	4
kwang	梗	22
kwe	劊	1
kwe	歸	111
kwe	規	56
kwe	貴	28
kwe	鬼	40
kweh	括	1
kweh	骨	14
kweng	棍	5
kwu	估	4
kwu	僱	6
kwu	古	52
kwu	固	40
kwu	姑	6
kwu	孤	27
kwu	故	41
kwu	股	17
kwu	臌	1
kwu	顧	1179
kwun	冠	13
kwun	官	83
kwun	灌	1
kwun	管	113
kwun	罐	1
kwun	脘	10
kwun	貫	2
kwun	館	4
kwæ	乖	1
kwæn	慣	1
kwæn	關	32
kwô	寡	1
kwô	掛	13
kwông	光	106
kwông	廣	8
kwʽa	快	143
kwʽe	塊	66
kwʽe	盔	6
kwʽe	虧	5
kwʽe	魁	1
kwʽeh	闊	5
kwʽeng	困	9
kwʽeng	捆	1
kwʽeng	睏	63
kwʽu	庫	9
kwʽu	枯	12
kwʽu	箍	2
kwʽu	苦	91
kwʽu	骷	4
kwʽun	寬	35
kwʽun	款	1
kwʽô	誇	55
kwʽông	曠	46
kyi	基	662
kyi	己	2
kyi	幾	131
kyi	既	134
kyi	機	21
kyi	狗	7
kyi	磯	7
kyi	稽	1
kyi	箕	2
kyi	紀	15
kyi	繫	7
kyi	肌	111
kyi	計	55
kyi	記	100
kyi	雞	17
kyi	飢	25
kyiah	甲	2
kyiah	腳	142
kyiang	僵	1
kyiao	交	6
kyiao	叫	117
kyiao	教	145
kyiao	澆	4
kyiao	繳	14
kyiao	較	2
kyiao	驕	12
kyih	今	41
kyih	劫	2
kyih	吉	1
kyih	急	10
kyih	揭	2
kyih	擊	5
kyih	汲	1
kyih	潔	71
kyih	激	17
kyih	結	90
kyin	劍	5
kyin	堅	47
kyin	建	5
kyin	監	5
kyin	肩	3
kyin	見	595
kying	京	2
kying	今	38
kying	巾	6
kying	徑	1
kying	敬	93
kying	斤	2
kying	景	5
kying	禁	40
kying	竟	4
kying	經	387
kying	緊	63
kying	衿	1
kying	謹	14
kying	警	33
kying	金	20
kying	鏡	6
kying	頸	7
kying	驚	11
kyiu	久	15
kyiu	九	12
kyiu	救	196
kyiu	究	12
kyiu	鳩	1
kyiæ	戒	10
kyü	句	85
kyü	居	18
kyü	據	27
kyü	歸	78
kyü	矩	24
kyü	舉	33
kyü	貴	5
kyü	鬼	113
kyüih	噘	2
kyüih	決	14
kyüing	君	12
kyüing	均	2
kyüing	軍	6
kyün	卷	2
kyün	捐	10
kyün	眷	12
kyüô	佳	1
kyüô	假	5
kyüô	加	114
kyüô	嘉	5
kyüô	家	16
kyüô	迦	65
kyʽi	企	19
kyʽi	去	1456
kyʽi	器	16
kyʽi	棄	102
kyʽi	欺	5
kyʽi	氣	181
kyʽi	溪	1
kyʽi	豈	63
kyʽi	起	491
kyʽi	蹊	1
kyʽiah	卻	9
kyʽiah	怯	1
kyʽiang	強	5
kyʽiang	腔	1
kyʽiao	巧	10
kyʽiao	蹺	1
kyʽih	乞	6
kyʽih	喫	41
kyʽih	挈	21
kyʽin	愆	13
kyʽin	欠	26
kyʽin	牽	11
kyʽin	謙	9
kyʽing	撳	1
kyʽing	欽	2
kyʽing	輕	41
kyʽiu	丘	3
kyʽü	去	6
kyʽü	虧	6
kyʽü	驅	1
kyʽüih	屈	3
kyʽüih	缺	53
kyʽüih	闕	1
kyʽün	勸	120
kyʽün	圈	46
kyʽüoh	喫	413
kyʽüoh	曲	25
kyʽüoh	畜	1
kyʽüoh	確	6
kyʽüôh	確	11
kæ	改	15
kæ	概	1
kæ	蓋	26
kæ	該	484
kæn	奸	19
kæn	姦	51
kæn	揀	40
kæn	監	55
kæn	間	772
kæn	階	2
kô	假	64
kô	價	12
kô	加	172
kô	嫁	19
kô	家	965
kô	架	77
kôh	各	217
kôh	國	1
kôh	擱	20
kôh	覺	3
kôh	角	9
kông	剛	20
kông	扛	1
kông	江	4
kông	缸	2
kông	講	727
kông	降	37
kʽa	揩	9
kʽah	喀	6
kʽah	客	24
kʽah	掐	1
kʽang	坑	7
kʽang	揞	25
kʽao	拷	2
kʽao	敲	20
kʽao	考	9
kʽao	銬	4
kʽao	靠	210
kʽeh	刻	86
kʽeh	客	2
kʽeh	渴	17
kʽeh	瞌	3
kʽeh	磕	2
kʽen	看	973
kʽeng	懇	16
kʽeng	肯	110
kʽeo	口	244
kʽeo	扣	51
kʽo	䯊	6
kʽo	可	224
kʽo	窠	11
kʽo	課	1
kʽo	顆	4
kʽoh	哭	44
kʽoh	酷	1
kʽong	孔	18
kʽong	恐	106
kʽong	空	36
kʽwe	塊	2
kʽwu	苦	1
kʽæ	開	454
kʽæn	侃	4
kʽæn	堪	3
kʽæn	檻	2
kʽô	抲	89
kʽôh	殼	2
kʽông	囥	20
kʽông	康	5
kʽông	糠	2
la	賴	2
lah	了	2
lah	喇	9
lah	拉	6273
lah	攔	5
lah	臘	34
lah	蠟	2
lang	冷	11
lang	良	6
lao	佬	26
lao	勞	40
lao	牢	80
lao	老	256
le	屢	17
le	洡	5
le	累	3
le	雷	2
leh	了	767
leh	勒	966
leh	垃	2
leng	倫	13
leng	冷	148
leng	崙	4
leng	淪	1
leng	論	113
leo	樓	12
leo	漏	6
leo	簍	2
leo	髏	1
li	例	5
li	利	541
li	勵	2
li	厘	1
li	厲	21
li	吏	3
li	呂	17
li	哩	19
li	李	1
li	淚	17
li	濾	1
li	犁	1
li	狸	3
li	理	388
li	痢	1
li	礼	3
li	禮	268
li	累	21
li	裏	1552
li	褸	1
li	里	16
li	離	131
li	驢	20
li	麗	1
liah	掠	8
liah	略	19
liang	亮	110
liang	兩	209
liang	樑	8
liang	涼	1
liang	糧	54
liang	良	43
liang	諒	21
liang	量	70
liao	了	65
liao	撩	2
liao	料	4
liao	繚	3
liao	鐐	4
lih	列	93
lih	力	130
lih	律	322
lih	歷	5
lih	烈	13
lih	立	329
lih	粒	13
lih	裂	12
lin	廉	2
lin	憐	59
lin	摙	1
lin	殮	2
lin	煉	9
lin	練	14
lin	聯	2
lin	臉	2
lin	蓮	1
lin	連	106
lin	鏈	24
lin	鐮	1
ling	令	30
ling	另	5
ling	嶺	2
ling	懍	8
ling	林	9
ling	淋	2
ling	臨	45
ling	鄰	22
ling	零	18
ling	靈	384
ling	領	66
ling	鱗	1
liu	流	47
liu	溜	1
liu	留	78
liu	硫	1
lo	囉	1
lo	擄	9
lo	羅	355
loh	六	20
loh	戮	2
loh	樂	2
loh	碌	33
loh	絡	4
loh	落	3
loh	駱	6
loh	鹿	2
long	嚨	8
long	弄	155
long	攏	461
long	籠	3
long	聾	5
long	龍	1
lu	爐	5
lu	蘆	10
lu	路	342
lu	露	13
lu	顱	3
lu	魯	5
læ	來	4402
læn	懶	6
læn	攔	3
læn	欖	18
læn	爛	11
læn	籃	13
læn	藍	1
læn	蘭	11
læn	襤	1
lô	落	72
lôh	樂	35
lôh	洛	1
lôh	絡	1
lôh	落	482
lông	廊	3
lông	浪	12
lông	狼	6
lông	螂	2
lông	郎	17
lön	亂	45
l̆a	拉	9
l̆eo	𠞭	4
l̆o	囉	1
l̆ong	弄	1
m	嘸	945
m	姆	6
ma	嗎	272
ma	買	44
ma	賣	64
mah	末	17
mah	沒	3
mah	脈	2
mah	貌	1
mah	麥	35
mang	猛	8
mao	冒	9
mao	媢	8
mao	帽	2
mao	毛	23
mao	貌	46
mao	錨	8
me	妹	27
me	昧	1
me	枚	3
me	每	25
me	糜	1
me	美	46
me	霉	13
me	黴	3
me	𤈦	8
meh	抹	14
meh	末	18
meh	沒	14
meh	默	13
meng	們	40
meng	問	131
meng	悶	67
meng	捫	1
meng	聞	282
meng	門	591
meo	母	19
meo	畝	1
meo	茂	3
meo	謀	9
mi	味	9
mi	彌	3
mi	未	6
mi	眯	2
mi	米	40
mi	迷	29
miao	妙	26
miao	廟	6
miao	苗	3
miao	藐	2
mih	密	5
mih	末	41
mih	滅	85
mih	蜜	5
min	免	17
min	冕	3
min	勉	8
min	眠	8
min	綿	3
min	緬	2
min	面	289
min	麪	2
ming	名	249
ming	命	174
ming	憫	3
ming	明	1702
ming	皿	11
mo	募	1
mo	墓	19
mo	慕	22
mo	摩	121
mo	摹	1
mo	某	2
mo	模	3
mo	磨	18
mo	魔	49
mo	麼	2
moh	墨	4
moh	摸	39
moh	木	12
moh	牧	4
moh	目	10
moh	睦	14
mong	夢	7
mong	懵	3
mong	蒙	6
mun	幔	6
mun	滿	92
mun	瞞	7
mun	饅	50
mæ	買	10
mæn	幔	1
mæn	慢	8
mæn	漫	3
mæn	蠻	4
mô	嗎	4
mô	瑪	54
mô	罵	34
mô	馬	218
mô	麻	31
mông	夢	1
mông	忘	12
mông	望	156
mông	網	19
mông	茫	1
m̆	嘸	158
na	奶	48
na	爛	12
nah	𠺶	6
nao	得好	267
nao	惱	2
nao	腦	9
nao	踔	3
nao	鬧	13
ne	內	2
neh	得	305
neh	納	4
nen	內	44
nen	南	20
nen	男	101
neng	嫩	3
neng	能	451
neo	偶	2
ng	五	56
ng	兒	523
ng	爾	4322
ng	耳	36
ng	魚	37
nga	外	160
ngah	扤	1
ngah	額	1
ngang	硬	37
ngao	傲	14
ngao	咬	13
ngao	熬	2
ngen	岸	30
ngeng	硬	1
ngeo	偶	21
ngeo	牛	21
ngo	蛾	5
ngo	訛	2
ngo	餓	4
ngwe	危	11
ngwu	互	2
ngwu	忤	1
ngwu	悟	1
ngwu	誤	6
ngæ	呆	1
ngæ	捱	6
ngæ	礙	6
ngæn	岩	4
ngæn	巖	3
ngæn	眼	293
ngæn	銜	2
ngô	我	3119
ngô	牙	12
ngô	瓦	4
ngô	砑	1
ngô	芽	5
ngô	衙	11
ngô	霞	2
ngôh	鶴	2
ni	呢	372
no	懦	36
no	挪	2
noh	儂	23
nong	農	17
nu	努	1
nu	奴	170
nu	怒	9
nyi	二	135
nyi	宜	7
nyi	尼	112
nyi	泥	50
nyi	疑	19
nyi	藝	1
nyi	議	37
nyiah	捏	16
nyiah	瘧	1
nyiah	虐	2
nyiang	亮	17
nyiang	仰	12
nyiang	央	230
nyiang	娘	31
nyiang	孃	88
nyiang	樣	112
nyiang	讓	4
nyiao	饒	17
nyih	孽	20
nyih	日	535
nyih	業	51
nyih	熱	41
nyih	聶	1
nyih	藝	2
nyih	逆	7
nyin	儼	2
nyin	嚴	15
nyin	年	86
nyin	扭	21
nyin	硯	1
nyin	碾	3
nyin	粘	2
nyin	黏	3
nying	人	3890
nying	凝	1
nying	寧	1
nying	認	54
nying	迎	19
nying	銀	62
nyiu	扭	1
nyiæn	唸	10
nyiæn	廿	6
nyiæn	念	34
nyiæn	驗	38
nyü	女	180
nyü	寓	1
nyü	御	1
nyü	愚	41
nyü	語	3
nyüing	𡢿	191
nyün	原	40
nyün	源	5
nyün	軟	12
nyün	願	132
nyüoh	浴	6
nyüoh	獄	19
nyüoh	玉	3
nyüoh	肉	145
nyüong	濃	1
næ	乃	7
næ	奈	7
næ	耐	69
næn	難	492
nô	喏	3
nô	嗱	4
nô	囡	74
nô	拿	132
nô	挪	11
nôh	諾	4
nön	囡	28
o	捼	3
o	阿	12
oh	屋	207
oh	握	1
ong	翁	3
pa	拜	57
pa	擺	26
pah	伯	155
pah	八	22
pah	百	665
pang	綳	6
pao	保	282
pao	包	11
pao	報	54
pao	寶	15
pao	爆	12
pao	飽	20
pe	卑	11
pe	彼	252
pe	悲	47
pe	揹	16
pe	杯	27
pe	碑	4
pe	背	11
pe	貝	10
pe	輩	3
peh	不	68
peh	撥	1338
peng	奔	33
peng	本	48
pi	庇	24
pi	比	206
pi	祕	1
pi	秘	1
pi	閉	5
piao	婊	7
piao	標	1
piao	滮	1
piao	表	17
pih	別	14
pih	壁	3
pih	必	208
pih	畢	1
pih	癟	2
pih	筆	10
pih	逼	47
pin	編	6
pin	變	40
pin	遍	19
pin	邊	176
pin	鞭	11
ping	並	212
ping	併	1
ping	兵	54
ping	冰	1
ping	柄	86
ping	餅	35
po	波	32
po	簸	1
poh	剝	5
poh	北	2
poh	博	6
poh	卜	7
poh	膊	10
poh	駁	17
pu	布	36
pu	補	20
pu	譜	2
pun	半	31
pun	搬	8
pæ	拜	2
pæn	扮	5
pæn	扳	13
pæn	斑	1
pæn	板	20
pæn	班	52
pæn	畈	5
pæn	瘢	2
pæn	般	3
pæn	頒	1
pæn	𢲔	25
pô	巴	170
pô	把	428
pô	爸	3
pô	疤	2
pô	笆	4
pô	霸	1
pông	幫	47
pông	榜	16
pông	綁	1
pông	謗	35
pʽa	派	22
pʽah	拍	2
pʽah	𤖼	21
pʽao	帕	5
pʽao	拋	7
pʽao	跑	1
pʽe	坯	2
pʽe	披	1
pʽe	配	15
pʽeng	噴	3
pʽeo	剖	17
pʽi	批	54
pʽi	披	5
pʽi	譬	1
pʽiao	漂	1
pʽiao	票	2
pʽiao	飄	3
pʽih	僻	1
pʽih	匹	10
pʽih	撇	1
pʽih	闢	1
pʽin	偏	10
pʽin	片	3
pʽin	篇	6
pʽin	騙	25
pʽing	品	1
pʽing	拼	8
pʽing	聘	1
pʽo	破	12
pʽoh	撲	13
pʽoh	魄	1
pʽong	碰	68
pʽu	普	1
pʽu	鋪	28
pʽun	判	100
pʽæn	攀	2
pʽô	帕	28
pʽô	怕	192
r	二	1
r	兒	1
r	珥	3
r	而	41
r	耳	6
s	使	772
s	司	198
s	四	69
s	始	13
s	屍	33
s	師	25
s	思	69
s	斯	1
s	施	1
s	獅	3
s	私	86
s	肆	1
s	試	91
s	詩	16
s	賜	252
s	駛	22
sa	曬	4
sah	撒	409
sah	殺	82
sah	煞	126
sah	薩	12
sah	霎	1
sah	𥈊	1
sang	牲	12
sang	生	410
sang	省	9
sao	掃	36
sao	梢	5
sao	燥	7
sao	艄	1
sao	𢜶	1
se	碎	18
se	祟	38
se	稅	3
se	雖	61
seh	圾	2
seh	塞	7
seh	率	1
seh	瑟	42
seh	色	103
sen	碎	313
seng	參	1
seng	孫	22
seng	損	3
seng	滲	3
seng	生	9
seng	遜	1
shih	刷	1
shih	失	32
shih	式	9
shih	設	69
shih	說	547
shih	雪	5
shing	徇	1
shing	旬	3
shing	郇	6
shoh	叔	2
shoh	朔	3
shæ	奢	4
shông	傷	14
shông	商	1
shông	雙	8
shü	世	280
shü	勢	19
shü	恕	22
shü	數	2
shü	書	232
shü	歲	12
shü	水	115
shü	輸	1
shün	選	46
si	世	22
si	嘶	4
si	死	380
si	洗	116
si	細	37
si	西	477
si	髓	1
sia	卸	2
sia	寫	193
siah	削	5
siang	商	27
siang	想	268
siang	相	754
siang	箱	2
siao	小	183
siao	少	67
siao	消	13
siao	燒	15
siao	笑	21
siao	銷	1
sih	式	2
sih	息	105
sih	惜	130
sih	溼	3
sih	膝	2
sih	褻	24
sih	設	1
sih	識	92
sih	釋	25
sih	飾	11
sin	先	443
sin	閃	6
sin	鮮	5
sing	伸	26
sing	信	692
sing	勝	6
sing	升	21
sing	姓	210
sing	審	37
sing	心	923
sing	性	114
sing	新	82
sing	星	1125
sing	汛	2
sing	深	17
sing	申	7
sing	紳	4
sing	聖	493
sing	聲	135
sing	芯	1
sing	身	416
sing	辛	3
sing	醒	49
siu	修	2
siu	守	98
siu	宿	9
siu	手	348
siu	收	149
siu	獸	11
siu	鏽	4
siu	首	33
so	唆	2
so	鎖	17
soh	啥	346
soh	宿	8
soh	束	1
soh	索	7
soh	速	14
song	送	57
song	鬆	1
su	塑	6
su	愫	28
su	數	51
su	甦	7
su	疏	4
su	穌	1525
su	素	25
su	蔬	2
su	蘇	2
su	訴	14
sæ	衰	4
sæ	賽	135
sæn	三	135
sæn	山	95
sæn	散	39
sæn	省	43
sæn	舢	3
sæn	衫	5
sô	所	1064
sô	捨	24
sô	沙	20
sô	舍	22
sô	赦	65
sôh	索	5
sông	傷	31
sông	喪	18
sông	孀	26
sông	桑	2
sông	磉	1
sông	賞	18
sön	算	239
sön	酸	4
ta	帶	208
ta	戴	10
tah	搭	15
tang	打	259
tao	倒	161
tao	刀	26
tao	到	1353
tao	島	8
tao	搗	4
tao	禱	133
te	堆	1
te	對	238
te	𠡒	11
teh	得	2064
teh	德	49
teh	掇	5
teh	答	197
ten	𡍲	1
teng	凳	15
teng	敦	2
teng	燈	21
teng	登	1
teng	等	2539
teng	頂	38
teng	頓	47
teo	兜	2
teo	抖	9
teo	斗	6
teo	鬥	21
ti	低	25
ti	帝	60
ti	底	113
ti	抵	24
ti	渧	3
tia	爹	283
tiao	刁	1
tiao	吊	7
tiao	釣	2
tiao	雕	7
tiao	鳥	14
tih	的	528
tih	跌	90
tin	典	15
tin	店	2
tin	殿	1
tin	癲	3
tin	顛	6
tin	點	170
ting	丁	4
ting	叮	26
ting	盯	15
ting	釘	57
ting	頂	127
tiu	丟	70
to	多	516
to	朵	36
to	躲	10
toh	督	625
toh	篤	9
tong	冬	9
tong	凍	1
tong	懂	8
tong	東	509
tong	棟	7
ts	之	114
ts	仔	196
ts	址	1
ts	子	1033
ts	志	2
ts	指	88
ts	支	15
ts	旨	67
ts	枝	20
ts	止	19
ts	滋	1
ts	籽	2
ts	紙	1
ts	紫	6
ts	肢	16
ts	至	21
ts	致	12
tsa	債	13
tsah	扎	47
tsah	摘	6
tsah	窄	5
tsah	紮	1
tsah	責	40
tsah	隻	82
tsang	㬹	1
tsang	爭	35
tsao	嘲	5
tsao	早	26
tsao	棗	1
tsao	糟	60
tsao	罩	4
tsao	遭	251
tse	追	11
tse	醉	15
tseh	則	7
tseng	增	1
tseng	尊	84
tseng	憎	10
tseo	奏	1
tseo	皺	1
tseo	走	875
tsi	嚌	3
tsi	姊	27
tsi	擠	4
tsi	濟	13
tsi	祭	248
tsi	𣥼	23
tsia	借	18
tsia	者	177
tsia	藉	5
tsiah	爵	6
tsiah	着	4
tsiang	仗	13
tsiang	將	147
tsiang	帳	34
tsiang	張	7
tsiang	漲	1
tsiang	漿	1
tsiang	粻	2
tsiang	脹	1
tsiang	賬	61
tsiang	醬	1
tsiang	長	69
tsiang	雀	4
tsiao	招	62
tsiao	朝	14
tsiao	照	274
tsiao	礁	1
tsiao	詔	5
tsih	即	58
tsih	只	423
tsih	執	14
tsih	接	177
tsih	摺	3
tsih	漬	5
tsih	炙	1
tsih	積	9
tsih	節	76
tsih	職	27
tsih	脊	1
tsih	質	5
tsih	跡	3
tsih	蹟	45
tsin	佔	3
tsin	剪	4
tsin	尖	3
tsin	戰	5
tsin	沾	1
tsin	箭	2
tsin	節	9
tsin	薦	12
tsing	井	5
tsing	整	8
tsing	枕	1
tsing	正	247
tsing	浸	2
tsing	症	5
tsing	真	254
tsing	睛	88
tsing	精	7
tsing	證	185
tsing	貞	1
tsing	進	333
tsing	針	3
tsiu	周	92
tsiu	咒	62
tsiu	晝	4
tsiu	酒	77
tso	做	1422
tso	左	1
tsoh	作	2
tsoh	足	76
tsong	宗	77
tsong	總	381
tsong	蹤	7
tsu	祖	81
tsu	租	7
tsu	阻	28
tsæ	再	250
tsæ	宰	9
tsæ	災	6
tsæn	嶄	2
tsæn	斬	23
tsæn	盞	17
tsæn	讚	95
tsæn	趲	5
tsô	榨	2
tsô	詐	24
tsô	遮	32
tsôh	作	53
tsôh	摘	1
tsôh	斫	9
tsôh	足	6
tsông	妝	3
tsông	莊	4
tsông	葬	25
tsông	蟑	2
tsông	裝	21
tsʽ	刺	27
tsʽ	次	28
tsʽ	此	12
tsʽ	雌	3
tsʽ	齒	13
tsʽa	差	245
tsʽah	冊	7
tsʽah	察	16
tsʽah	尺	1
tsʽah	拆	17
tsʽang	撐	6
tsʽao	吵	20
tsʽao	抄	5
tsʽao	操	1
tsʽao	草	25
tsʽe	催	3
tsʽeh	惻	1
tsʽeh	撮	12
tsʽeh	測	4
tsʽeh	漆	1
tsʽeng	寸	6
tsʽeng	忖	131
tsʽeng	村	30
tsʽeng	襯	1
tsʽeo	湊	47
tsʽi	砌	1
tsʽia	且	298
tsʽia	笡	2
tsʽiah	綽	4
tsʽiang	搶	10
tsʽiang	槍	8
tsʽih	七	59
tsʽih	切	148
tsʽin	千	70
tsʽin	淺	2
tsʽin	籤	1
tsʽin	遷	4
tsʽing	清	56
tsʽing	稱	86
tsʽing	親	135
tsʽing	請	100
tsʽing	趁	13
tsʽing	青	6
tsʽiu	愀	2
tsʽiu	抽	10
tsʽiu	秋	1
tsʽiu	臭	2
tsʽiu	醜	3
tsʽo	搓	2
tsʽo	錯	27
tsʽoh	簇	9
tsʽoh	錯	1
tsʽong	聰	100
tsʽu	初	17
tsʽu	楚	1
tsʽu	粗	3
tsʽu	醋	2
tsʽæ	彩	3
tsʽæ	猜	3
tsʽæ	睬	7
tsʽæ	菜	12
tsʽæ	采	2
tsʽæn	慘	1
tsʽæn	懺	10
tsʽæn	摻	1
tsʽæn	產	47
tsʽæn	餐	3
tsʽô	岔	18
tsʽô	差	16
tsʽô	瘥	3
tsʽô	車	3
tsʽôh	錯	4
tsʽông	倉	8
tsʽông	創	2
tsʽông	唱	12
tsʽông	瘡	3
tsʽön	攛	7
tsʽön	竄	5
tu	妒	21
tu	都	758
tæ	戴	1
tæ	歹	7
tæn	單	106
tæn	帶	34
tæn	担	4
tæn	撣	3
tæn	擔	33
tæn	耽	40
tæn	膽	57
tæn	黵	3
tô	朵	11
tông	擋	18
tông	當	233
tông	黨	15
tön	斷	107
tön	煅	1
tön	短	13
tön	端	12
tʽa	他	8
tʽa	太	351
tʽa	拖	1
tʽah	塌	1
tʽah	塔	5
tʽah	撻	1
tʽah	榻	1
tʽah	蹋	14
tʽah	𡍲	30
tʽao	套	16
tʽao	討	40
tʽe	推	51
tʽe	退	11
tʽeh	脫	58
tʽen	探	4
tʽen	貪	42
tʽeng	吞	9
tʽeng	氽	2
tʽeng	褪	8
tʽeo	㪗	3
tʽeo	偷	23
tʽeo	斢	1
tʽeo	透	11
tʽi	剃	3
tʽi	替	56
tʽi	體	104
tʽiah	帖	11
tʽiah	貼	5
tʽiao	挑	32
tʽiao	跳	33
tʽih	踢	5
tʽih	鐵	9
tʽin	天	567
tʽin	舔	2
tʽing	廳	5
tʽing	聽	530
tʽo	拖	18
tʽong	痛	13
tʽong	統	8
tʽong	通	128
tʽu	吐	10
tʽu	唾	10
tʽu	土	66
tʽæ	態	1
tʽæ	胎	15
tʽæn	嘆	9
tʽæn	攤	2
tʽæn	灘	1
tʽæn	炭	3
tʽæn	癱	17
tʽôh	託	74
tʽông	倘	7
tʽông	湯	1
u	惡	36
u	捂	2
u	污	20
u	烏	406
u	熓	9
un	婉	1
un	碗	4
vah	伐	11
vah	罰	111
ve	𣍐	77
veh	物	157
veng	份	117
veng	分	13
veng	問	4
veng	墳	59
veng	文	17
veng	紋	1
veng	聞	1
veo	浮	4
veo	負	1
vi	微	13
vi	未	32
voh	伏	4
voh	復	3
voh	服	152
voh	袱	5
vong	奉	31
vong	甮	110
vong	縫	8
vong	逢	1
vu	侮	1
vu	務	2
vu	婦	10
vu	扶	6
vu	武	4
vu	無	75
vu	父	100
vu	符	2
vu	糊	1
vu	舞	5
vu	誣	2
vu	附	18
vu	霧	2
væn	凡	339
væn	晚	1
væn	煩	16
væn	犯	126
væn	萬	83
væn	藩	7
væn	飯	49
vông	亡	25
vông	妄	19
vông	忘	2
vông	房	21
vông	望	101
wa	還	659
wah	劃	1
wang	橫	5
we	位	225
we	回	267
we	圍	4
we	惠	191
we	慧	5
we	會	1748
we	爲	1607
we	胃	1
we	茴	1
we	薈	1
we	衛	5
we	違	17
weh	活	472
weng	混	4
weng	渾	15
weng	魂	9
wu	乎	4
wu	五	3
wu	戶	7
wu	湖	9
wu	狐	3
wu	糊	18
wu	胡	8
wu	護	16
wun	完	37
wun	換	6
wun	緩	5
wun	黃	7
wæ	壞	28
wæ	懷	47
wæn	壞	1
wæn	患	20
wæn	環	6
wæn	還	35
wô	華	194
wô	話	3072
wông	惶	72
wông	旺	6
wông	王	89
wông	皇	64
wông	磺	1
wông	蝗	2
w̆a	壞	63
w̆ang	橫	13
w̆e	委	15
w̆e	威	8
w̆e	慰	45
w̆e	穢	17
w̆eh	挖	1
w̆eh	𩑦	2
w̆eng	搵	3
w̆eng	溫	14
w̆eng	瘟	1
w̆eng	穩	24
w̆æn	娃	6
w̆æn	彎	4
w̆æn	挽	11
w̆ô	娃	2
w̆ông	往	1
yi	以	521
yi	又	484
yi	夷	1
yi	已	350
yi	挔	1
yi	易	13
yi	異	1
yi	移	6
yi	義	116
yi	遺	7
yia	也	1180
yia	呀	6
yia	夜	92
yia	耶	1
yia	野	16
yiah	協	2
yiah	翼	2
yiah	藥	5
yiah	鑰	2
yiah	𢖺	2
yiang	佯	1
yiang	垟	29
yiang	揚	24
yiang	樣	494
yiang	洋	2
yiang	煬	2
yiang	癢	1
yiang	羊	87
yiang	養	16
yiao	搖	31
yiao	效	30
yiao	窯	3
yiao	耀	1
yiao	謠	1
yih	易	3
yih	葉	6
yih	譯	6
yin	沿	43
yin	焰	1
yin	現	136
yin	筵	6
yin	言	18
yin	鹽	10
ying	刑	32
ying	引	27
ying	形	5
ying	淫	55
ying	營	24
ying	盈	1
ying	行	4
ying	贏	11
yiu	佑	3
yiu	又	4
yiu	友	43
yiu	右	1
yiu	有	2594
yiu	油	30
yiu	游	1
yiu	猶	326
yiu	由	7
yiu	誘	18
yiu	遊	2
yiæ	埃	29
yiæ	懈	6
yiæ	睚	2
yiæ	耶	1692
yü	喻	1
yü	圍	5
yü	宇	17
yü	愈	75
yü	於	2
yü	癒	12
yü	與	1
yü	諭	1
yü	逾	31
yü	雨	15
yü	預	64
yü	餘	35
yüih	抈	8
yüih	月	21
yüih	穴	4
yüih	越	48
yüing	勻	4
yüing	孕	7
yüing	芸	1
yüing	運	1
yüing	雲	21
yün	園	35
yün	懸	1
yün	緣	41
yün	縣	4
yün	遠	165
yüoh	役	4
yüoh	慾	3
yüoh	疫	2
yüong	傭	22
yüong	容	10
yüong	榮	188
yüong	用	651
yüong	雄	7
yüô	㗇	4
yüô	夏	4
yüô	瑕	11
yüô	雅	91
yüôh	慾	48
z	事	990
z	似	1
z	侍	87
z	匙	2
z	士	91
z	字	152
z	市	16
z	恃	1
z	是	5760
z	時	730
z	示	13
z	祀	5
z	自	13
z	視	2
za	寨	2
za	柴	3
za	豺	6
zah	石	103
zao	唕	1
zao	槽	3
zao	皂	3
zao	造	91
ze	罪	415
ze	銳	3
ze	隨	78
zeh	賊	21
zeh	雜	3
zeng	層	5
zeo	愁	21
zi	自	950
zi	齊	14
zia	斜	1
zia	謝	96
zia	邪	20
ziah	嚼	2
ziah	弱	43
ziah	若	666
ziang	像	528
ziang	匠	5
ziang	牆	11
ziang	象	3
ziao	兆	30
ziao	擾	9
zih	射	1
zih	席	33
zih	籍	1
zih	舌	19
zih	蝕	3
zih	食	79
zin	前	368
zin	賤	10
zin	錢	36
zing	城	117
zing	尋	116
zing	曾	57
zing	淨	88
zing	甚	19
zing	盛	4
zing	盡	9
zing	繩	4
zing	辰	6
zing	靜	16
ziu	受	314
ziu	壽	3
ziu	就	2071
ziu	授	10
ziu	柔	14
zo	坐	163
zo	座	38
zoh	𧮙	7
zæ	財	1
zæ	載	2
zæn	饞	13
zô	昨	3
zôh	鑿	3
zôh	𧮙	14
zông	上	804
zông	嘗	6
zông	嚐	9
zông	尚	8
zông	晌	22
zông	牀	9
zông	狀	7
zông	裳	87
æ	哀	52
æ	愛	358
ô	丫	20
ô	哦	4
ô	啞	15
ô	椏	20
ô	鴉	1
ô	𢛟	35
ôh	惡	164
ông	怏	12
ü	於	484
ü	椅	3
ü	餵	3
ün	冤	31
ün	怨	26
üoh	鬰	2
üong	勇	2
üong	壅	3
üong	擁	8
üong	永	120
üong	湧	1
üong	雍	6
üô	亞	619
ʽa	鞋	13
ʽah	何	103
ʽah	狹	5
ʽang	行	208
ʽao	毫	14
ʽao	號	50
ʽao	豪	1
ʽe	哎	7
ʽeh	合	70
ʽeh	盒	5
ʽen	含	2
ʽen	咸	25
ʽen	旱	4
ʽen	汗	1
ʽen	翰	149
ʽeng	恆	8
ʽeng	恨	22
ʽeng	痕	2
ʽeo	候	586
ʽeo	厚	8
ʽeo	後	318
ʽo	何	35
ʽo	和	108
ʽo	河	17
ʽo	禍	40
ʽo	賀	5
ʽoh	學	1
ʽoh	或	2
ʽong	宏	4
ʽong	洪	4
ʽong	紅	12
ʽong	鴻	5
ʽæ	嗐	7
ʽæ	害	53
ʽæn	閒	8
ʽæn	限	10
ʽæn	陷	8
ʽæn	鹹	7
ʽô	下	272
ʽô	夏	3
ʽôh	學	39
ʽôh	惑	53
ʽôh	或	175
ʽôh	獲	1
ʽông	行	6
ʽông	項	8
